First Name,Last Name,Email,Password,Login ID
Alexia,Turner ,a.turner@randatmail.com,2a4s4os,Alexia Turner 
Andrew,Phillips,a.phillips@randatmail.com,yy2feh8,Andrew Phillips
Adele,Sullivan,a.sullivan@randatmail.com,1av3t42,Adele Sullivan
Edith,Phillips,e.phillips@randatmail.com,ruuvpex,Edith Phillips
Julian,Warren,j.warren@randatmail.com,29edpwa,Julian Warren
Carlos,Dixon,c.dixon@randatmail.com,3cwvbut,Carlos Dixon
Alissa,Turner,a.turner@randatmail.com,aurn8yc,Alissa Turner
Mike,Clark,m.clark@randatmail.com,i07kstc,Mike Clark
Oliver,Spencer,o.spencer@randatmail.com,oldkb9d,Oliver Spencer
Catherine,Wells,c.wells@randatmail.com,8p2qmsu,Catherine Wells
Alisa,Brown,a.brown@randatmail.com,cg5c1qz,Alisa Brown
Arthur,Barrett,a.barrett@randatmail.com,sh8kej7,Arthur Barrett
Bruce,Harrison,b.harrison@randatmail.com,22rg6kj,Bruce Harrison
Adrianna,Evans,a.evans@randatmail.com,kzt0ql0,Adrianna Evans
Alissa,Elliott,a.elliott@randatmail.com,djjgbda,Alissa Elliott
Jordan,Perkins,j.perkins@randatmail.com,nca2bq6,Jordan Perkins
Kate,Douglas,k.douglas@randatmail.com,v1dej1c,Kate Douglas
Aldus,Rogers,a.rogers@randatmail.com,0xpg7bz,Aldus Rogers
Vanessa,Gray,v.gray@randatmail.com,fguh7i4,Vanessa Gray
Tiana,Williams,t.williams@randatmail.com,3g2k6d3,Tiana Williams
Michelle,Hall,m.hall@randatmail.com,nq7aak9,Michelle Hall
Maria,Ross,m.ross@randatmail.com,sgpv2nq,Maria Ross
Aida,Roberts,a.roberts@randatmail.com,1ssu297,Aida Roberts
Thomas,Robinson,t.robinson@randatmail.com,igvnn6m,Thomas Robinson
Alford,Hall,a.hall@randatmail.com,51blwwl,Alford Hall
Grace,Sullivan,g.sullivan@randatmail.com,4ixm4x3,Grace Sullivan
Bruce,Owens,b.owens@randatmail.com,hgx0779,Bruce Owens
Tess,Harris,t.harris@randatmail.com,i03b2ms,Tess Harris
Elian,Harper,e.harper@randatmail.com,li81hlv,Elian Harper
Madaline,Thomas,m.thomas@randatmail.com,7sa6c4o,Madaline Thomas
Fiona,West,f.west@randatmail.com,z07nl5l,Fiona West
Arthur,Cole,a.cole@randatmail.com,7obzd2k,Arthur Cole
Andrew,Rogers,a.rogers@randatmail.com,yzmro4t,Andrew Rogers
Luke,Johnson,l.johnson@randatmail.com,fk9tngj,Luke Johnson
Daniel,Lloyd,d.lloyd@randatmail.com,60yhv22,Daniel Lloyd
Elise,Kelly,e.kelly@randatmail.com,8e9nkua,Elise Kelly
Heather,Perry,h.perry@randatmail.com,7hnmnjm,Heather Perry
Richard,Smith,r.smith@randatmail.com,1un2p37,Richard Smith
Blake,Russell,b.russell@randatmail.com,o6o0c3x,Blake Russell
Marcus,Campbell,m.campbell@randatmail.com,pkls7iw,Marcus Campbell
Ellia,Owens,e.owens@randatmail.com,2ujtr5m,Ellia Owens
Ellia,Smith,e.smith@randatmail.com,5pjjnmo,Ellia Smith
Derek,Foster,d.foster@randatmail.com,3ldj1qe,Derek Foster
Joyce,Perry,j.perry@randatmail.com,ss2z6mc,Joyce Perry
Melissa,West,m.west@randatmail.com,st60bda,Melissa West
Nicholas,Smith,n.smith@randatmail.com,b8tgmtw,Nicholas Smith
Thomas,Carroll,t.carroll@randatmail.com,z8iszny,Thomas Carroll
Sofia,Lloyd,s.lloyd@randatmail.com,9bydn64,Sofia Lloyd
Alan,Turner,a.turner@randatmail.com,uo7jfdl,Alan Turner
Tony,Howard,t.howard@randatmail.com,56dal6n,Tony Howard
Rubie,Scott,r.scott@randatmail.com,u0n67wg,
Ned,Morrison,n.morrison@randatmail.com,wzzf4nk,
Alissa,Elliott,a.elliott@randatmail.com,blvf8xp,
Adele,Gray,a.gray@randatmail.com,05gs8g7,
Eric,Williams,e.williams@randatmail.com,o4b7vqq,
Melissa,Wilson,m.wilson@randatmail.com,3hkg0ml,
Jack,Scott,j.scott@randatmail.com,41tb4dq,
Heather,Miller,h.miller@randatmail.com,yoy21ak,
Madaline,Morrison,m.morrison@randatmail.com,hh4f2g4,